{"domain": "ion_transport", "model": "mackenzie_1996", "total_samples": 100, "T": 0.33, "N_t": 100, "d_constants": 0.05, "d_states": 0.5, "rand_start": false, "high_score": 0.00993406024198189, "channel_scores": [4.943695903467269e-23, 0.0019282720534692115, 0.025813147751993774, 0.003690640921748726, 0.03368161951608987, 0.003680094600329024, 0.0007446468502426157]}