{"domain": "cardiovascular_circulation", "model": "guyton_circulatory_dynamics_2008", "total_samples": 100, "T": 3.3, "N_t": 100, "d_constants": 0.05, "d_states": 0.3, "rand_start": false, "high_score": 0.0015802490432201756, "channel_scores": [0.0008393674818017645, 0.001136948709411374, 0.0017803415635533092, 0.0017697923404633097, 0.0023747951208711194]}