{"domain": "cell_cycle", "model": "calzone_thieffry_tyson_novak_2007", "total_samples": 100, "T": 30, "N_t": 100, "d_constants": 0.1, "d_states": 0.5, "rand_start": false, "high_score": 0.01290465180496581, "channel_scores": [0.024704210899670297, 1.1917882954245381e-05, 0.015613718830588765, 0.007614463755782709, 0.005921408042901888, 0.016622820046616478, 0.007366005769654026, 0.0, 0.0036176916625518985, 0.003277057338714252, 0.02287996450395987, 1.4799530560921918e-09, 0.00015301117883952412, 4.168929033155877e-18, 0.008045904520697002, 0.0094123191889869, 0.010865702490800188]}