{"domain": "signal_transduction", "model": "huang_ferrell_1996", "total_samples": 100, "T": 30, "N_t": 100, "d_constants": 0.3, "d_states": 0.1, "rand_start": false, "high_score": 0.004017411241997891, "channel_scores": [0.0010048944811484539, 0.00042482088248797686, 0.017885273449900922, 0.0004110978480880942, 0.002663826862636817, 0.002170736284942472, 0.0021626974953268202, 0.00034170578417389724, 0.0020126094433885605, 0.000318993701990453, 0.012027521070190825, 0.0011828028382664271, 0.00026680978532634943, 0.014213008494697843, 0.0016015631853853061, 0.010783947332739224, 0.0013517866956064917, 0.0014893067196650905]}