{"domain": "metabolism", "model": "ralser_2007", "total_samples": 100, "T": 30, "N_t": 100, "d_constants": 0.3, "d_states": 0.1, "rand_start": false, "high_score": 0.0036285969096161684, "channel_scores": [0.0020817555139361183, 0.0002655051375818307, 0.00036906718837930407, 3.512806646324966e-05, 0.015351009598398723, 0.004246883844879406, 0.005926254986230937, 0.00011926249003789835, 0.00013341078463295175, 7.665988047601259e-05, 4.601431222944215e-05, 0.0026264986371796147, 0.00015432538328802276, 0.00015232611714978628, 0.0008028180272936743, 0.00014992316853917445, 0.0014006786146455131, 0.0014764751099006722, 0.00025305990379793024, 0.00022993153242149443, 0.000267486961360942, 0.00028754016384157326, 0.0004193148942701057, 0.001954279869426918]}