{"domain": "immunology", "model": "neumann_lam_dahari_gretch_wiley_layden_perelson_1998", "total_samples": 100, "T": 10, "N_t": 100, "d_constants": 0.3, "d_states": 0.3, "rand_start": false, "high_score": 0.004193183833237436, "channel_scores": [0.00022615620388992538, 0.006935193216838926, 0.005418202078983457]}