{"domain": "metabolism", "model": "hynne_dano_sorensen_2001", "total_samples": 100, "T": 30, "N_t": 100, "d_constants": 0.05, "d_states": 0.1, "rand_start": false, "high_score": 1.548214923639632, "channel_scores": [0.0001511827426095113, 0.3742505290690634, 1.9448342310317184, 2.0539785513378934, 0.28727535117814573, 0.3588736456150722, 0.3650282063278004, 2.2142486401938246, 0.14886717896050178, 0.00018723581133139335, 2.4812314838778105, 2.09989834645927, 2.696304507639514, 7.718466250973705e-05, 0.12249799208472924, 0.0006505287252614685, 0.02287719124163168, 9.903901643624608e-05, 0.017153446662839713, 0.00010668431913963316, 0.7138643050856041, 0.5385104353738233]}