{"domain": "electrophysiology", "model": "dokos_celler_lovell_1996", "total_samples": 100, "T": 10, "N_t": 100, "d_constants": 0.05, "d_states": 0.1, "rand_start": false, "high_score": 1.500567749914775, "channel_scores": [2.4574609913846244, 2.3484322491594622, 0.00594067730145216, 0.00018002802960941723, 0.0030771646977639415, 6.742952215770343e-07, 0.04133547212049987, 2.347195122667481, 2.1729569809099445, 2.2146255213100785, 2.4709664435287797, 1.9013972374684243, 2.4324294510131805, 1.7500391474616197, 2.1967663215257582, 1.3669325256687268, 1.0681419920061435, 2.2323414979171776]}