{"domain": "excitation-contraction_coupling", "model": "iribe_kohl_noble_2006", "total_samples": 100, "T": 0.33, "N_t": 100, "d_constants": 0.1, "d_states": 0.3, "rand_start": false, "high_score": 0.0053718180661432875, "channel_scores": [0.0084867093935745, 2.161453739853888e-10, 3.8079138479235935e-07, 0.006919887841799845, 0.012287321806026852, 0.010724160518314783, 0.0011779966871414826, 0.0016128241998621552, 0.0050850319723776665, 0.009722432686588926, 0.006160696495602416, 0.0006146537809068939, 0.0067189108717534765, 0.0022241389742882044, 0.0010255159167502788, 0.0023370420013061723, 0.024371635539615123, 0.004065705696031981, 0.004110905897025452, 0.007839819494692975, 0.003774990493459767, 0.002252870618818017, 0.0020381836278284687]}