{"domain": "metabolism", "model": "wolf_heinrich_2000", "total_samples": 100, "T": 30, "N_t": 100, "d_constants": 0.1, "d_states": 0.1, "rand_start": false, "high_score": 0.8948602719282818, "channel_scores": [0.10494749725053111, 1.3956311882339136, 0.447243485938641, 1.4473206702896426, 0.7389205713013136, 1.2814893898570712, 0.8484691006268582]}