{"domain": "cell_cycle", "model": "sveiczer_csikasznagy_gyorffy_tyson_novak_2000", "total_samples": 100, "T": 10, "N_t": 100, "d_constants": 0.3, "d_states": 0.5, "rand_start": false, "high_score": 0.004157748454617151, "channel_scores": [0.015477192176160122, 1.4018700651854416e-08, 0.0012110234638407682, 6.543653472842589e-05, 0.0012846192494683543, 0.0018413655638742272, 0.006142810559453973, 0.015773535184971085, 0.007750248544664381, 0.0010615641785886205, 0.01375050994062835, 0.0013411063995709498, 0.00023264877347346636, 0.0005316101031496184, 6.029058260142363e-05, 1.3761414327605472e-18]}