{"domain": "endocrine", "model": "brown_choe_shanahan_czeisler_1997", "total_samples": 100, "T": 30, "N_t": 100, "d_constants": 0.3, "d_states": 0.5, "rand_start": false, "high_score": 0.0004586976936216208, "channel_scores": [0.0008920065388273373, 2.5388848415904295e-05]}