{"domain": "calcium_dynamics", "model": "shorten_wall_2000", "total_samples": 100, "T": 1, "N_t": 100, "d_constants": 0.1, "d_states": 0.1, "rand_start": false, "high_score": 0.0001098047729665276, "channel_scores": [1.3417998892721788e-05, 1.6889730755288228e-11, 0.00015139405747604935, 0.00043541910013193637, 1.8891930481617245e-06, 0.00016651304432689667, 1.965484181559273e-16]}