{"domain": "calcium_dynamics", "model": "raposo_2002", "total_samples": 100, "T": 10, "N_t": 100, "d_constants": 0.05, "d_states": 0.5, "rand_start": false, "high_score": 0.0008992316407819464, "channel_scores": [0.0016333362412232525, 0.0016441630403862882, 0.0011439236238617182, 1.1637393941317292e-12, 0.0016333291546263228, 0.0016372124456464055, 6.1917141557857545e-06, 1.832589065765504e-05, 2.98195469784626e-06, 4.115097938888074e-07, 0.0012724408327703016]}