{"domain": "metabolism", "model": "bertram_2006", "total_samples": 100, "T": 30, "N_t": 100, "d_constants": 0.1, "d_states": 0.5, "rand_start": false, "high_score": 0.0039100435301933825, "channel_scores": [2.2092352428543344e-09, 4.741102171238438e-09, 6.32827032825689e-05, 3.3853833432631815e-08, 0.016019710884006378, 4.68882427014977e-10, 0.011287269851011458]}