{"domain": "cell_cycle", "model": "novak_csikasznagy_gyorffy_chen_tyson_1998", "total_samples": 100, "T": 30, "N_t": 100, "d_constants": 0.3, "d_states": 0.5, "rand_start": false, "high_score": 0.0034600061553191, "channel_scores": [0.007330296282037493, 6.880663679465654e-07, 0.0011861382992077597, 0.002307870718320002, 0.0006572451812601722, 0.00854348784114852, 0.0010664273134908895, 0.002273807361246501, 0.00031430356361231095, 0.001209724400189217, 0.013170078681629288]}