{"domain": "cell_cycle", "model": "novak_tyson_1997", "total_samples": 100, "T": 10, "N_t": 100, "d_constants": 0.05, "d_states": 0.5, "rand_start": false, "high_score": 0.0007436269313442221, "channel_scores": [0.0007448825371489695, 2.039223533657565e-05, 0.0013068934622401482, 3.403700231081627e-05, 0.0003044813699427327, 0.0029557878405769887, 0.00011233906308315708, 5.668331401942406e-05, 0.00013939937056726455, 4.7170318088833115e-06, 0.00012703414231116125, 1.2791908808586593e-08, 0.001654731211241558]}