{"domain": "immunology", "model": "wodarz_hamer_2007_a", "total_samples": 100, "T": 30, "N_t": 100, "d_constants": 0.3, "d_states": 0.5, "rand_start": false, "high_score": 0.0011205803903403288, "channel_scores": [0.0, 0.0022411607806806576]}