{"domain": "gene_regulation", "model": "vilar_kueh_barkai_leibler_2002", "total_samples": 100, "T": 30, "N_t": 100, "d_constants": 0.3, "d_states": 0.1, "rand_start": false, "high_score": 0.028410387423895376, "channel_scores": [0.01850991316976562, 0.02090696233065553, 0.04612833948719806, 0.04634828938071193, 0.03339196634556785, 0.03397690420683532, 0.035163239739116704, 0.00982668755280301, 0.011441184602404307]}