{"domain": "electrophysiology", "model": "bertram_arnot_zamponi_2002", "total_samples": 100, "T": 30, "N_t": 100, "d_constants": 0.3, "d_states": 0.1, "rand_start": false, "high_score": 0.17855412053278713, "channel_scores": [0.21645263737243295, 0.050902936145553204, 0.002437845081684077, 6.076943055049544e-07, 0.13230352684888264, 0.11134019327712959, 0.00020626458255661493, 0.1932998224555791, 0.33953094674630885, 0.2837471342155227, 0.45531989860222155]}