{"domain": "signal_transduction", "model": "rangamani_2007", "total_samples": 100, "T": 30, "N_t": 100, "d_constants": 0.3, "d_states": 0.1, "rand_start": false, "high_score": 1.0173189119275095e-10, "channel_scores": [1.0173189119275096e-09, 0.0, 0.0, 0.0, 0.0, 0.0, 0.0, 0.0, 0.0, 0.0, 0.0, 0.0, 0.0, 0.0, 0.0, 0.0, 0.0, 0.0, 0.0, 0.0, 0.0, 0.0, 0.0, 0.0, 0.0, 0.0, 0.0, 0.0, 0.0, 0.0, 0.0, 0.0]}