{"domain": "cardiovascular_circulation", "model": "guyton_stress_relaxation_2008", "total_samples": 100, "T": 30, "N_t": 100, "d_constants": 0.3, "d_states": 0.1, "rand_start": false, "high_score": 8.560107930215424e-05, "channel_scores": [0.00017117190464706168, 3.0253957246795083e-08]}