{"domain": "electrophysiology", "model": "mcallister_noble_tsien_1975_a", "total_samples": 100, "T": 30, "N_t": 100, "d_constants": 0.3, "d_states": 0.3, "rand_start": false, "high_score": 0.003884016528833671, "channel_scores": [0.004931011668372851, 0.005294188473299034, 0.0027341343181756734, 0.0004110298572750769, 6.4468189838309e-05, 0.000159936985169754, 0.00015918316608396624, 2.0059828583232258e-05, 0.024986485729612817, 7.966707192599673e-05]}