{"domain": "cell_cycle", "model": "barberis_klipp_vanoni_alberghina_2007", "total_samples": 100, "T": 3.3, "N_t": 100, "d_constants": 0.05, "d_states": 0.1, "rand_start": false, "high_score": 0.0009455690180110328, "channel_scores": [2.662587222931335e-09, 0.0, 9.823335354307747e-05, 3.824530102850206e-05, 9.842261238949976e-05, 3.774799555265175e-05, 1.2892283591291429e-05, 8.369470189505964e-05, 2.9018565762142495e-06, 3.0254262994368443e-09, 9.58098446824763e-09, 0.00015033046017333637, 3.364501803857887e-07, 0.0001991854230006281, 0.00013093459405584377, 0.00016526738725578048, 6.445581450697464e-07, 3.990379690963569e-06, 3.848478949573934e-05, 0.0002672689233508296, 0.0002061320203451132, 3.0625126845404994e-09, 0.00021421687398284983, 0.002304590153282875, 0.00019640705797882487, 1.8768682611933723e-06, 0.0012712013580999295, 0.0002688918546147978, 1.279792408306769e-07, 6.71599247934142e-08, 0.00019284248048983968, 0.00015399194174383778, 0.0028075348697996715, 0.0017202616456548079]}