{"domain": "signal_transduction", "model": "bagci_2008a", "total_samples": 100, "T": 3.3, "N_t": 100, "d_constants": 0.05, "d_states": 0.1, "rand_start": false, "high_score": 0.009798345209631791, "channel_scores": [3.4233842286840885e-06, 0.003758846816488903, 0.0765650917843667, 0.002963505701017421, 3.815008232846535e-05, 0.0006250075352593895, 0.004170459039594456, 2.4106569242366998e-05, 3.651597415973872e-05]}