{"domain": "endocrine", "model": "potter_zager_barton_2006", "total_samples": 100, "T": 30, "N_t": 100, "d_constants": 0.1, "d_states": 0.1, "rand_start": false, "high_score": 0.0024954303428248907, "channel_scores": [1.3647928362517546e-06, 5.56583861598105e-05, 0.004440170198185507, 0.004247745000144174, 0.00437501688266752, 0.002966357024827004, 6.63395367360528e-15, 0.0, 8.417016911894265e-05, 5.618202201639497e-05, 0.0003350337631163055, 8.58423267934265e-05, 0.00010198947135368769, 5.8893435448271144e-05, 0.00028560225957911805, 0.00015476661261998572, 0.00014974571977659343, 0.0001482076538321573, 0.00010523174423234799, 0.001363943241832828, 0.0013717831688155704, 0.001203910308936918, 0.00045156504074436737, 0.0016577940372277985, 0.0016497856208805403, 0.0016777979447310473, 0.0010590280016252772, 7.925949361555619e-08, 8.631931482740114e-08, 0.00031598508990821885, 8.569163219080463e-05, 0.0, 0.0]}