{"domain": "electrophysiology", "model": "corrias_buist_2007", "total_samples": 100, "T": 30, "N_t": 100, "d_constants": 0.05, "d_states": 0.5, "rand_start": false, "high_score": 0.00047595530906182823, "channel_scores": [9.972129153300828e-05, 0.0004784889092423499, 0.003428292870647646, 9.974040780476464e-07, 0.0006717092783015978, 0.0004616293099474325, 0.0002962831753290048, 0.0003065465729903256, 2.787729372166946e-07, 0.0005738797039242532, 0.00011114637208189607, 0.00018112277725940712, 4.692341299619185e-06, 4.858554729379038e-05]}