{"domain": "signal_transduction", "model": "leloup_gonze_goldbeter_1999_a", "total_samples": 100, "T": 30, "N_t": 100, "d_constants": 0.05, "d_states": 0.5, "rand_start": false, "high_score": 0.006019629442140186, "channel_scores": [0.005648531231434127, 0.005226706429980819, 0.0063552434249037415, 0.006199215562786683, 0.005969866403076937, 0.004821159091724197, 0.007829400690416379, 0.005055122046819389, 0.007143849372497663, 0.0059472001677619265]}