{"domain": "excitation-contraction_coupling", "model": "shorten_ocallaghan_davidson_soboleva_2007_variant01", "total_samples": 100, "T": 30, "N_t": 100, "d_constants": 0.05, "d_states": 0.3, "rand_start": false, "high_score": 0.022575504366956156, "channel_scores": [0.01388677564016083, 0.011043161876917725, 7.246807360920506e-06, 9.742267287210662e-14, 1.0614640901236465e-09, 1.0870994648627695e-10, 3.4049027423714e-07, 9.669995507979834e-11, 0.002988929468820771, 1.0009253652509416e-06, 0.012180612262624605, 0.0024944939258706015, 7.094287909482792e-09, 0.002895795785136814, 0.012619620916745566, 0.012961750255212956, 0.0026924579491964936, 6.4240618235785675e-09, 0.01226619906287611, 0.005030894964976142, 0.005386338615834203, 0.007769507385646958, 0.00805229677020063, 0.0032076233746739366, 0.005209682709474468, 0.005526684435962147, 0.008233262492882906, 0.009763471677696854, 0.05045193487016489, 0.005730090066934496, 0.030056318880018, 0.004152708519940446, 0.007066596021129944, 0.0, 0.0, 0.0, 0.0, 8.538924830162615e-06, 6.511974660698332e-06, 0.04178476624508843, 0.028503903659752455, 0.00169772079738353, 6.240814348693293e-06, 0.0041807516794153815, 0.0005623236409267211, 0.0024563636850281805, 0.0003752997039088624, 0.004094544826646179, 0.00024890938618479574, 0.00029598978261389375, 0.0006239149615883626, 0.0006414351825631668, 0.00016619684643399895, 2.7903060913183277e-08, 3.4562121161589065e-09, 3.824620527504615e-09]}