{"domain": "cell_cycle", "model": "chen_csikasz-nagy_gyorffy_val_novak_tyson_2000", "total_samples": 100, "T": 30, "N_t": 100, "d_constants": 0.05, "d_states": 0.1, "rand_start": false, "high_score": 0.0019042754849332361, "channel_scores": [0.0005201924767725227, 1.727297741095496e-06, 0.006272742284736995, 6.666502560728714e-05, 0.00010853086459929582, 0.006625019693407925, 0.0047804651732038465, 0.0007640591657508695, 9.186731752367145e-05, 5.031972639423587e-05, 0.0024215096343183145, 0.0026927536946599728, 0.00035972894941603117]}