{"domain": "calcium_dynamics", "model": "viswanathan_shaw_rudy_1999_c", "total_samples": 100, "T": 10, "N_t": 100, "d_constants": 0.05, "d_states": 0.5, "rand_start": false, "high_score": 0.0014615194523016262, "channel_scores": [0.0003698765025989795, 1.5537063267512365e-10, 0.0004660942779415731, 0.0011266978098263725, 8.410742129647955e-05, 0.00021534565183374906, 8.166938384925922e-14, 0.00021855535047360342, 9.533588374065257e-07, 7.659221851762053e-05, 4.914241171759509e-06, 5.200735035371326e-05, 1.630909414457413e-05, 4.233067098571949e-07, 0.0003728458130845403, 1.5246831723740067e-05, 0.0001582544695459007, 1.2519845848003266e-09, 0.01502322078317623, 0.015383323963815983, 0.002834995655831823, 0.00011822079921985642, 0.0, 0.0, 0.0]}