{"domain": "endocrine", "model": "jelic_cupic_kolaranic_2005", "total_samples": 100, "T": 30, "N_t": 100, "d_constants": 0.1, "d_states": 0.1, "rand_start": false, "high_score": 0.0024355681668353775, "channel_scores": [0.0026117503184037924, 0.0022593860152669626]}