{"domain": "immunology", "model": "wodarz_jansen_2003", "total_samples": 100, "T": 30, "N_t": 100, "d_constants": 0.1, "d_states": 0.5, "rand_start": false, "high_score": 0.004262202057124525, "channel_scores": [0.0003121987629360941, 0.003429179268315425, 0.0015412795805920304, 0.01176615061665455]}