{"domain": "electrophysiology", "model": "fink_noble_virag_varro_giles_2008", "total_samples": 100, "T": 0.33, "N_t": 100, "d_constants": 0.3, "d_states": 0.1, "rand_start": false, "high_score": 0.0010600755536156136, "channel_scores": [1.6120768356627937e-06, 3.4828746965336257e-15, 2.1766587629683906e-16, 1.0606534532433072e-11, 0.0001444450899284852, 0.00037996677153175876, 0.0067468107500750435, 0.0022000246730760854, 0.00013778871994875216, 0.0, 0.0, 0.0, 0.0, 0.0, 8.289229604265295e-09, 1.8604655605390225e-09, 1.4536315919713578e-05, 0.0009146232743468312, 1.0751132878893358e-06, 1.872035014258643e-09, 6.411748489365899e-12, 5.9872751205912544e-05, 7.46857597636168e-12, 1.727670745633894e-11, 1.6361312997552932e-12, 2.0375984432177388e-14, 1.245185245246604e-13]}