{"domain": "electrophysiology", "model": "inada_N_2009", "total_samples": 100, "T": 10, "N_t": 100, "d_constants": 0.05, "d_states": 0.3, "rand_start": false, "high_score": 1.7596368202325385, "channel_scores": [2.2930693163921725, 1.3280012013015985, 1.9209008730300945, 1.6401259723870278, 2.299131706882443, 2.192246928083095, 2.2349456289382035, 1.8121963248602013, 1.8774112372852874, 2.3177778045036614, 2.224634070285492, 1.8418578086577844, 2.2365051386816694, 1.8410079735904799, 1.6235426371000894, 2.0030351992732527, 0.5803517068146894, 2.0563039421440283, 1.4558649799533592, 2.0173518003856405, 0.10211957998829997, 1.6534843603469946, 1.9956557283880398, 1.5655212370550176, 1.576718452461228, 1.9777076765342632, 2.2077961929138405, 1.705499085091486, 0.448703223414164]}