{"domain": "electrophysiology", "model": "inada_N_2009", "total_samples": 100, "T": 10, "N_t": 100, "d_constants": 0.05, "d_states": 0.5, "rand_start": false, "high_score": 2.2177329484896826, "channel_scores": [2.312752344827274, 1.1537698948666704, 1.9422842852470705, 1.6209795921714625, 2.3100895971542283, 2.194208551850092, 2.25131159765543, 1.8350830216335392, 1.9022296974717694, 2.3312832871344633, 2.232196939652396, 1.8474372948670381, 2.2608067484986263, 1.8566204130176358, 1.5773474998105446, 2.0240622557650854, 0.320961448391029, 2.047449798314503, 1.3293942857527314, 2.023510095372746, 0.07766104098530303, 1.665276408227927, 2.004277169626149, 1.5486959402438694, 1.565268394559333, 1.985563238680818, 2.213168364044731, 1.7181539870553102, 0.37319937598086605]}