{"domain": "cardiovascular_circulation", "model": "circ_pbpk", "total_samples": 100, "T": 30, "N_t": 100, "d_constants": 0.05, "d_states": 0.1, "rand_start": false, "high_score": 2.4524804328184806e-05, "channel_scores": [7.20027551179737e-05, 0.0, 7.05506557950013e-05, 0.0, 3.068818800286524e-08, 0.00018776743874027892, 0.0, 0.00011122910317943696, 0.0, 8.040872631574677e-05, 0.0, 0.0, 2.8205186268849253e-06, 0.0, 4.762098017939915e-13, 0.0, 4.735284121327482e-13, 0.0, 5.123594031918705e-13, 0.0, 4.660697950154458e-13, 0.0, 4.770229818803614e-13, 0.0, 4.66575959022531e-13, 0.0, 4.593642518438486e-13, 0.0, 9.979863138623929e-08, 4.4406553683888534e-08, 5.18153567927926e-08, 1.1102764315219105e-05, 3.2920928878005034e-05, 0.00020253998470251403, 2.526533539094068e-05, 0.00019366897231721026, 1.606486421902523e-06, 0.0, 4.5303208381744934e-05, 0.0, 2.8535930893509317e-05, 0.0, 1.3141869302766535e-05, 0.0]}