{"domain": "signal_transduction", "model": "ueda_hagiwara_kitano_2001", "total_samples": 100, "T": 30, "N_t": 100, "d_constants": 0.1, "d_states": 0.5, "rand_start": false, "high_score": 0.0024970027398184026, "channel_scores": [0.001112435526434066, 0.0027676537219054327, 0.002309282791640496, 0.0009276621275736209, 0.0014976907703412963, 0.005605621745554252, 0.0013173185258914832, 0.0034920962029172838, 0.002213147913818331, 0.003727118072107765]}