{"domain": "endocrine", "model": "lenbury_ruktamatakul_amornsamarnkul_2001_a", "total_samples": 100, "T": 30, "N_t": 100, "d_constants": 0.1, "d_states": 0.5, "rand_start": false, "high_score": 0.012013199689248766, "channel_scores": [0.0009215797602275404, 0.0032726816196670663, 0.031845337687851694]}