{"domain": "electrophysiology", "model": "mitchell_schaeffer_2003", "total_samples": 100, "T": 30, "N_t": 100, "d_constants": 0.3, "d_states": 0.3, "rand_start": false, "high_score": 0.0017987234727113695, "channel_scores": [0.0035909427231875335, 6.5042222352057305e-06]}