{"domain": "electrophysiology", "model": "noble_noble_2001", "total_samples": 100, "T": 0.33, "N_t": 100, "d_constants": 0.05, "d_states": 0.1, "rand_start": false, "high_score": 0.002700255511075021, "channel_scores": [0.003158854182165286, 6.654775810276186e-10, 3.28407268686667e-07, 0.001101675747575588, 0.00041783708549520483, 0.0006939871668791196, 0.000184783619061948, 0.0024420588693373785, 0.0018804707251819843, 0.0007571005264706541, 0.0024141487516273373, 0.0006629690799321071, 0.0002413505367529143, 0.0014227708902347176, 0.00034951938658800847, 0.0011410873747070116, 0.011764474752464874, 0.00023659169222829858, 0.0006221814983621863, 0.0009199132909853806]}