{"domain": "metabolism", "model": "wolf_sohn_heinrich_kuriyama_2001", "total_samples": 100, "T": 30, "N_t": 100, "d_constants": 0.1, "d_states": 0.5, "rand_start": false, "high_score": 0.008443052756110259, "channel_scores": [0.0074257632423074755, 0.002047606063589705, 0.0011684943709251263, 0.0012952602274459847, 0.0010030585065617362, 0.000762346446013175, 0.0033847358351576993, 0.007360370409641674, 0.009778919309176078, 0.014662397150911778, 0.01124909692605573, 0.024811567560923436, 0.00241481083589303]}