{"domain": "metabolism", "model": "vaseghi_baumeister_rizzi_reuss_1999", "total_samples": 100, "T": 30, "N_t": 100, "d_constants": 0.3, "d_states": 0.1, "rand_start": false, "high_score": 0.0018250977050253085, "channel_scores": [0.0022950313177948424, 0.004148607708140288, 0.0027875957167412036, 0.0027329972227512064, 0.0029882227228235298, 0.0032979379586545654, 1.1854420466275553e-08, 3.170610295302432e-07, 1.4965604606504565e-07, 1.0583185138659807e-07]}