{"domain": "ion_transport", "model": "Weinstein_2000_AE1", "total_samples": 100, "T": 0.33, "N_t": 100, "d_constants": 0.3, "d_states": 0.1, "rand_start": false, "high_score": 1.7369622040351612e-18, "channel_scores": [1.7369622040351612e-18]}