{"domain": "endocrine", "model": "rattananakul_lenbury_krishnamara_wollkind_2003_a", "total_samples": 100, "T": 30, "N_t": 100, "d_constants": 0.1, "d_states": 0.5, "rand_start": false, "high_score": 0.0001464976972289731, "channel_scores": [0.0004108493256265585, 2.5018884284414614e-05, 3.624881775946093e-06]}