{"domain": "immunology", "model": "yates_stark_klein_antia_callard_2007_a", "total_samples": 100, "T": 30, "N_t": 100, "d_constants": 0.05, "d_states": 0.5, "rand_start": false, "high_score": 0.0005814040658048644, "channel_scores": [4.8040215556274604e-06, 0.0011580041100541013]}