{"domain": "cardiovascular_circulation", "model": "M_blood_flow_parent", "total_samples": 100, "T": 30, "N_t": 100, "d_constants": 0.05, "d_states": 0.3, "rand_start": false, "high_score": 0.01206773653177388, "channel_scores": [0.02413547306353715, 1.0610161512904415e-14]}