{"domain": "cardiovascular_circulation", "model": "guyton_capillary_dynamics_2008", "total_samples": 100, "T": 30, "N_t": 100, "d_constants": 0.05, "d_states": 0.5, "rand_start": false, "high_score": 0.00014324204295677504, "channel_scores": [0.0003763997507236221, 0.00010160276700641622, 9.490074588273176e-05, 6.490821433011861e-08]}