{"domain": "excitation-contraction_coupling", "model": "izakov_katsnelson_blyakhman_markhasin_shkylar_1991", "total_samples": 100, "T": 10, "N_t": 100, "d_constants": 0.3, "d_states": 0.1, "rand_start": false, "high_score": 0.0003458609433305846, "channel_scores": [0.000677980355491195, 1.3741531169974324e-05]}