{"domain": "cell_cycle", "model": "novak_tyson_1993_b", "total_samples": 100, "T": 10, "N_t": 100, "d_constants": 0.05, "d_states": 0.5, "rand_start": false, "high_score": 0.0007733430729560892, "channel_scores": [2.6940461125132947e-05, 3.4494378279999744e-05, 0.004059551089567919, 0.002012286329306317, 0.0007207990250965987, 1.5359608015627517e-05, 4.3745185733327524e-05, 2.275741498293459e-05, 2.4154164496946358e-05]}