{"domain": "calcium_dynamics", "model": "snyder_palmer_moore_2000", "total_samples": 100, "T": 30, "N_t": 100, "d_constants": 0.3, "d_states": 0.5, "rand_start": false, "high_score": 0.0028506130658607224, "channel_scores": [0.00031633211657977394, 0.0, 0.0, 0.0, 0.0, 0.00028357815879649536, 0.01630289252778876, 0.010344621762329696, 0.00031526908962185125, 0.0009434370034906459]}