{"domain": "electrophysiology", "model": "faber_rudy_2000", "total_samples": 100, "T": 10, "N_t": 100, "d_constants": 0.05, "d_states": 0.3, "rand_start": false, "high_score": 0.00056023821991649, "channel_scores": [0.00047751877073546164, 2.4009455283255577e-12, 0.0075424108400161454, 0.000594124330316852, 1.2090213245246537e-05, 2.774034566848525e-07, 1.247768107057851e-13, 0.002138511293843331, 2.0977531282795893e-07, 0.00023473538471121687, 2.2766663677019213e-07, 0.00010423259025322543, 1.5882308804181724e-06, 2.789239639832799e-08, 0.0028997587217241614, 7.917174963561829e-08, 6.094792663400184e-10, 2.4486841113189855e-10, 0.0, 0.0, 1.623557604720105e-07, 0.0, 0.0, 0.0, 0.0]}