{"domain": "signal_transduction", "model": "vempati_karagiannis_popel_2007", "total_samples": 100, "T": 30, "N_t": 100, "d_constants": 0.3, "d_states": 0.5, "rand_start": false, "high_score": 0.0006814395576166953, "channel_scores": [5.339235526121978e-06, 0.0027367741456988037, 0.00043625574843200943, 0.0014124027300041666, 7.4606683999631e-05, 5.428069949285358e-05, 0.000300645228434096, 0.0002220121347760351, 0.0006668195347048424, 0.0003676243881866486, 0.0003292000900256922, 6.221638016229374e-05, 0.0001446042856725169, 4.4463917070000565e-07, 5.6631498014723096e-05, 0.00016471300695913984, 0.0001779485689455192]}