{"domain": "signal_transduction", "model": "wolf_passarge_somsen_snoep_heinrich_westerhoff_2000", "total_samples": 100, "T": 10, "N_t": 100, "d_constants": 0.05, "d_states": 0.3, "rand_start": false, "high_score": 1.9725099125573573, "channel_scores": [2.2438718077825723, 2.3510584240526113, 1.8239580116402003, 2.2654081526656435, 0.9471247727339334, 1.7459188018856169, 1.4119226460844154, 2.5440228991878238, 2.4193036969833996]}