{"domain": "endocrine", "model": "maldonado_2006", "total_samples": 100, "T": 30, "N_t": 100, "d_constants": 0.05, "d_states": 0.5, "rand_start": false, "high_score": 0.019045464614672998, "channel_scores": [0.010724236543560712, 0.012626745838293487, 0.00012275554787357696, 0.011581914143878266, 0.04587168685698706, 0.04879614416514669, 5.050867575968151e-05, 5.0241789437229924e-05, 0.041584947971120265]}