{"domain": "signal_transduction", "model": "karagiannis_popel_2006", "total_samples": 100, "T": 10, "N_t": 100, "d_constants": 0.05, "d_states": 0.3, "rand_start": false, "high_score": 0.014371162743176822, "channel_scores": [0.09313954242669055, 1.0877777740682637e-07, 0.009871446472213595, 1.4885787682075265e-06, 0.0014665641155807317, 1.1039400113794992e-05, 0.0011415197804186962, 0.00011849888690197664, 0.07433702473183543, 8.370886290123485e-06, 0.0009317616802312552, 7.524457565370838e-05, 7.524457565370838e-05, 2.1068262132894806e-05, 1.2583349829051659e-05, 0.048727097390738015]}