{"domain": "metabolism", "model": "grange_2001", "total_samples": 100, "T": 10, "N_t": 100, "d_constants": 0.05, "d_states": 0.5, "rand_start": false, "high_score": 0.004884839765380499, "channel_scores": [0.003245105499592941, 0.002364728498564296, 0.0005204106187011708, 0.022400482155408716, 0.0010908723293956012, 0.007142582604557401, 0.0015018361276081782, 0.003618390593399403, 0.0020791494611967767]}