{"domain": "cell_cycle", "model": "ciliberto_novak_tyson_2003", "total_samples": 100, "T": 10, "N_t": 100, "d_constants": 0.05, "d_states": 0.3, "rand_start": false, "high_score": 0.006145075746329523, "channel_scores": [0.007580149374362209, 2.1344047908353812e-08, 0.00011132453574965443, 4.388387057404371e-05, 0.0003708503048359593, 0.00021111534952352484, 0.026696077808577984, 0.004214687189114724, 9.75475673370636e-05, 0.0004412103369131807, 0.00027474457892492677, 1.7163228091367925e-06, 0.000566468781126782, 0.0005849572995702928, 6.0904534432128263e-05, 0.014815602947616278, 0.001606837992449503, 0.004573915428728318, 0.00014857897246619783]}