{"domain": "electrophysiology", "model": "maltsev_2009_paper", "total_samples": 100, "T": 30, "N_t": 100, "d_constants": 0.05, "d_states": 0.5, "rand_start": false, "high_score": 0.002598832142440927, "channel_scores": [0.0008968045876205403, 0.004259286414463762, 0.0020515800130842697, 6.066541524867611e-05, 0.0003674168466270404, 0.0016511394630470968, 0.0010184132620306514, 0.0002222820605131056, 0.0003238541915970108, 0.0011897789906718569, 0.00025892978850250735, 0.00028888881323483435, 0.0009074381154903947, 0.00012201233247416125, 0.0014481656512602182, 4.2034537702089814e-07, 1.1797066212427555e-05, 0.0008397093841942515, 0.000502194141457112, 7.2564421714788e-05, 0.0020006823940950168, 6.310269305191686e-07, 0.0008998367481018392, 0.009141057069396203, 0.0004758565014661297, 0.002320780050869795, 0.0004621130719136253, 3.614894725143459e-05, 0.0005407303470678053]}