{"domain": "immunology", "model": "wodarz_2003", "total_samples": 100, "T": 10, "N_t": 100, "d_constants": 0.1, "d_states": 0.3, "rand_start": false, "high_score": 0.004603947889388698, "channel_scores": [0.0060052372744568054, 0.00961226676057573, 0.01535577600779459, 4.80329688275494e-05, 0.0004439605997142381, 0.0016419080510077632, 0.005092553863842397, 0.005468579709261169, 0.0011328543696909241, 0.0012383092887158094]}