{"domain": "excitation-contraction_coupling", "model": "shorten_ocallaghan_davidson_soboleva_2007", "total_samples": 100, "T": 10, "N_t": 100, "d_constants": 0.05, "d_states": 0.3, "rand_start": false, "high_score": 0.010892281003097156, "channel_scores": [0.015264547866982729, 0.006815637328981335, 2.088974936662715e-05, 7.460898808300281e-13, 4.522692716524708e-09, 1.1872478116615374e-09, 7.065051781654278e-07, 1.3671886055909146e-10, 0.002068038319652691, 9.896167304739282e-07, 0.008120994039213831, 0.0016701263064677332, 5.430912451475644e-09, 0.0017089443136939328, 0.006230871200103617, 0.006354003749723406, 0.0017480799852759537, 4.750832099477784e-09, 0.014646406226350531, 0.0023308906195452558, 0.0024667537639259294, 0.002882991361532074, 0.0025691028400931753, 0.0019829324277298066, 0.002443126791111647, 0.0025765727878636234, 0.0031594020626294263, 0.003314916139322469, 0.0273782363609946, 0.002470966534554535, 0.001886953557010869, 0.001491069155596567, 0.001526705969989459, 0.0006959622939409556, 0.00012264736885591088, 2.3987736801909124e-06, 3.4620316280416516e-06, 1.1555582481231532e-06, 1.2230940500157269e-06, 0.014605051587904663, 0.0019021133770258131, 0.0017519357827832619, 4.616755166611762e-06, 0.006192145531394391, 0.0004043649717886814, 0.002912204557107488, 0.0002516576024915963, 0.0003882926423372804, 0.001426313707175358, 0.00030014374062888624, 0.00011982094812666087, 0.0001670387044342607, 0.00018426684923743015, 4.647147104851221e-08, 2.8119664739593207e-10, 3.1111750250609627e-10]}