{"domain": "excitation-contraction_coupling", "model": "shorten_ocallaghan_davidson_soboleva_2007", "total_samples": 100, "T": 10, "N_t": 100, "d_constants": 0.1, "d_states": 0.1, "rand_start": false, "high_score": 0.0027775495308000747, "channel_scores": [0.011740702896466863, 0.005469939658825063, 0.0001699202092634126, 8.429694177717843e-12, 4.711312168827855e-08, 1.2503163892743362e-08, 4.94575853259102e-06, 9.070730931080898e-10, 0.001960610780831732, 6.6933306466947546e-06, 0.006404997689186284, 0.0013922159263441108, 4.660992245703333e-08, 0.0016286312277672944, 0.005778386349598917, 0.0051533028803682785, 0.0013888760874590678, 4.0155962927458904e-08, 0.012796091697158419, 0.002100605301637354, 0.0022895630646171147, 0.0027492697059982806, 0.0023823982575393245, 0.0020353763932638796, 0.002209361537845708, 0.0024085322160445695, 0.003107545117865878, 0.003503689919586567, 0.026090664390557964, 0.0016583686217993927, 0.005893764852044234, 0.0013963736643910314, 0.0010336429644436903, 0.0005739516913943046, 0.00014291950122212902, 6.817590970896007e-06, 6.497420440367609e-06, 7.66654162456775e-06, 8.322251973506382e-06, 0.01865431543724461, 0.005721474959446964, 0.0017645186532405303, 8.409845419411295e-06, 0.009538682023522368, 0.0007435524623961193, 0.0024214378024076722, 0.0003795916271962121, 0.0004405417911275613, 0.0015544637208660384, 0.0002889319025174724, 0.00014666005618390189, 0.00017623319491445383, 0.00020302509241997251, 1.390828262444259e-07, 1.5531648839236928e-09, 1.7245265407531617e-09]}