{"domain": "cardiovascular_circulation", "model": "guyton_muscle_blood_flow_control_2008", "total_samples": 100, "T": 30, "N_t": 100, "d_constants": 0.05, "d_states": 0.3, "rand_start": false, "high_score": 0.013298785632948992, "channel_scores": [0.026597571265886997, 1.0987363803860719e-14]}