{"domain": "signal_transduction", "model": "hatakeyama_kimura_naka_kawasaki_yumoto_ichikawa_kim_saito_saeki_shirouzu_yokoyama_konagaya_2003", "total_samples": 100, "T": 30, "N_t": 100, "d_constants": 0.1, "d_states": 0.5, "rand_start": false, "high_score": 0.0006082630548865633, "channel_scores": [4.109052709397412e-06, 2.4793312149599735e-05, 3.721858941156588e-07, 0.0002549184986458304, 0.001239130897373469, 0.00018324577539838383, 0.0002337816529252386, 9.522060333039815e-05, 0.00013286906610160667, 0.000142271588602412, 0.00017544836624559207, 0.00021074612462428625, 0.00016863403305802238, 7.612646879953925e-07, 9.971473483697296e-05, 0.00010000015497682896, 0.00011299116048392631, 0.00015939345830792533, 2.6580019347002905e-11, 0.00031070025940771624, 5.371141003970009e-10, 3.277344228457592e-06, 0.009814039642978918, 0.0009164423472138947, 2.860115601657544e-11, 0.00011313015473292997, 1.908947759185477e-07, 0.00011225055095776055, 0.00016518840446753713, 0.004998721900349344, 4.634961670859537e-06, 7.050118358057494e-05, 0.00022520064424539688]}