{"domain": "electrophysiology", "model": "difrancesco_noble_1985", "total_samples": 100, "T": 10, "N_t": 100, "d_constants": 0.1, "d_states": 0.1, "rand_start": false, "high_score": 0.5012092108392697, "channel_scores": [0.6232439902381396, 0.0018827093860666383, 1.398690216647721e-08, 1.4628002169432334e-05, 0.3314412899896005, 0.29691542640952906, 1.3138544916124402, 0.3786576645431694, 0.7366518361519904, 0.4875192834354015, 1.4753151581765465, 0.8748973640888645, 0.5594520734107816, 0.14379747679453408, 0.2275713450880671, 0.5681326221141135]}