{"domain": "metabolism", "model": "vanbeek_2007", "total_samples": 100, "T": 10, "N_t": 100, "d_constants": 0.05, "d_states": 0.1, "rand_start": false, "high_score": 0.40662011974032203, "channel_scores": [0.006041894997842332, 2.0881693694216232, 0.045913002909817424, 0.012700338262661924, 0.17127504256423717, 0.007983287037264855, 1.4969667642024131, 0.0520202125887576, 0.020011402949594848, 0.1651198824690077]}