{"domain": "immunology", "model": "bonhoeffer_rembiszewski_ortiz_nixon_2000_c", "total_samples": 100, "T": 30, "N_t": 100, "d_constants": 0.3, "d_states": 0.5, "rand_start": false, "high_score": 0.0005850676418253832, "channel_scores": [1.608688665192836e-05, 0.0013592043078595444, 0.00037991173096467673]}