{"domain": "endocrine", "model": "pedersen_bertram_sherman_2005", "total_samples": 100, "T": 10, "N_t": 100, "d_constants": 0.05, "d_states": 0.3, "rand_start": false, "high_score": 9.902001349614388e-05, "channel_scores": [0.0008339122848942217, 4.429509750812212e-14, 1.45872404277784e-08, 5.346955862762513e-06, 3.53149839520151e-08, 3.1927620631488496e-07, 5.1551563811148994e-05, 1.181166608268933e-12, 1.37241005282871e-10]}