{"domain": "cell_cycle", "model": "csikasz_nagy_2006_mammalian_from_code", "total_samples": 100, "T": 10, "N_t": 100, "d_constants": 0.1, "d_states": 0.5, "rand_start": false, "high_score": 0.0021439153740084207, "channel_scores": [0.00035163647353179305, 0.003934064620511673, 0.0006972730016175065, 0.0056424034593370994, 0.003694910034952278, 0.0, 0.0006553793045429596, 0.0033266259724902478, 1.1644954315624637e-08, 0.0006537402436105524, 0.00036571418716947377, 0.0021174064423206233, 0.0, 0.00016014450910666422]}