{"domain": "electrophysiology", "model": "mcallister_noble_tsien_1975_b", "total_samples": 100, "T": 30, "N_t": 100, "d_constants": 0.3, "d_states": 0.3, "rand_start": false, "high_score": 0.0038190580338666536, "channel_scores": [0.0048547459979991995, 0.005288411281825914, 0.0027341201861563785, 0.000407467661510846, 6.427752261393605e-05, 0.00015877054013682952, 0.00015079002175889233, 2.0078177024625766e-05, 0.02440240922659062, 0.00010950972304929199]}