{"domain": "electrophysiology", "model": "nygren_fiset_firek_clark_lindblad_clark_giles_1998", "total_samples": 100, "T": 0.33, "N_t": 100, "d_constants": 0.1, "d_states": 0.5, "rand_start": false, "high_score": 0.046516484566494515, "channel_scores": [0.020298340469331513, 2.4291123032140723e-08, 3.0554952348987675e-08, 0.018493984343670736, 0.00709416081872754, 0.004148474167713829, 0.021225238780256117, 0.045473094023158224, 0.004216586690617046, 0.0008789787160435373, 2.413781855547329e-06, 8.261828270355341e-11, 0.05137724893031042, 0.002267964211152419, 0.06407564987638407, 5.532844990922804e-05, 0.000707944673597884, 0.0020441064302515965, 2.0094244065172983e-06, 0.06455969816009108, 0.047495818573376605, 0.04824880324760064, 0.0028494233062843544, 0.010941162534634558, 0.013741039902678016, 0.0022093253174447092, 0.006607334178811399, 0.0035673892155506557, 0.0839169692607658]}