{"domain": "electrophysiology", "model": "courtemanche_ramirez_nattel_1998", "total_samples": 100, "T": 30, "N_t": 100, "d_constants": 0.05, "d_states": 0.5, "rand_start": false, "high_score": 0.005485277416686933, "channel_scores": [0.00113817408918011, 7.944917161375916e-10, 0.0011228926383471875, 0.0018792024160897832, 0.00025690066538017745, 4.344464084595168e-13, 0.001200363683514414, 0.00014323635877926344, 0.0008503362569149306, 6.328205459016953e-08, 0.00010269899943088389, 3.429375780719776e-05, 0.0001483822080352758, 0.0012751451137498807, 5.626217295698843e-07, 0.0009162011983098214, 0.00016766711526932455, 0.00014066312026714769, 0.0006022328179064956, 0.04561132528747653, 3.593212912320825e-08]}