{"domain": "electrophysiology", "model": "hund_rudy_2004_a", "total_samples": 100, "T": 1, "N_t": 100, "d_constants": 0.1, "d_states": 0.1, "rand_start": false, "high_score": 4.864956611867097e-05, "channel_scores": [2.527079471436238e-06, 2.0416228071869528e-06, 0.00028717896417542073, 1.115176185844887e-07, 8.166358938984227e-08, 0.00022814952932932852, 1.2620985701789474e-06, 3.644232934169538e-09, 1.065941144570259e-06, 3.049937762383777e-10, 6.316362445895346e-12, 8.058215538701381e-08, 3.628190687373891e-10, 1.1773636698696479e-06, 2.8752695659999314e-07, 0.00011554385006147588, 2.917821695465047e-09, 6.652817801800995e-11, 4.493131027640512e-15, 3.76386601936463e-16, 2.5448817009267786e-05, 0.0002849580984218332, 8.711465131383724e-09, 5.266774600828619e-15, 1.9067417992006957e-10, 1.6483759224472547e-13, 0.00046090655539726526, 1.848185318592194e-12, 1.891778581717468e-13]}