{"domain": "ion_transport", "model": "Parent_et_al_1992", "total_samples": 100, "T": 3.3, "N_t": 100, "d_constants": 0.05, "d_states": 0.5, "rand_start": false, "high_score": 0.002438431072711043, "channel_scores": [0.0, 0.00458161345937945, 0.0022235002846806005, 0.004306926687260675, 0.003183971446237391, 0.002316486225418278, 0.00045651940600090494]}