{"domain": "electrophysiology", "model": "aslanidi_2009", "total_samples": 100, "T": 30, "N_t": 100, "d_constants": 0.3, "d_states": 0.3, "rand_start": false, "high_score": 0.00665979698901664, "channel_scores": [0.01794120398089617, 6.645865673144458e-15, 0.00011517104283673274, 2.8728815195509874e-17, 3.0810911542466084e-16, 0.03166492295360272, 0.024470365185517942, 0.011670546966443408, 0.031666056417790425, 6.016289601391444e-07, 0.0020811532603551785, 0.005201598613658461, 0.0010475699717372724, 8.99270979261119e-05, 0.0027643588363524567, 1.261067792745685e-05, 0.018139495670639636, 0.02853670626242445, 0.010691066366142728, 0.0009715492779921541, 5.709821748868192e-05, 0.00029880847917121927, 0.00019545145530563355, 0.00017250267671201376, 0.001562912461632189, 5.6876972731250294e-05, 5.197195659921894e-08, 0.0008324244493759175, 0.0006385205043892698, 0.008914358270526033]}