{"domain": "signal_transduction", "model": "karagiannis_popel_2004", "total_samples": 100, "T": 3.3, "N_t": 100, "d_constants": 0.1, "d_states": 0.1, "rand_start": false, "high_score": 0.008572757491893408, "channel_scores": [2.539183577404587e-05, 3.210400886443048e-05, 3.428034817819724e-05, 5.1364449588031285e-05, 1.0685159462009933e-07, 0.02244413508237005, 0.02242719932736845, 0.02242977803445981, 0.022257379192746174, 1.4294010273786136e-11, 1.3562766336835035e-05, 0.021600948986170643, 0.00012959649686903148]}