{"domain": "cell_cycle", "model": "chen_calzone_csikasznagy_cross_novak_tyson_2004", "total_samples": 100, "T": 10, "N_t": 100, "d_constants": 0.3, "d_states": 0.5, "rand_start": false, "high_score": 0.002496516238784132, "channel_scores": [5.429816119760331e-08, 8.883346620246457e-05, 0.002897910560616826, 0.0011811543533928773, 0.0010047068689523352, 0.0017425907840286805, 0.0007240921952857557, 0.000148995268324807, 0.00016901796990672038, 0.004316373283370224, 0.0032318238982773297, 0.0005164830083244728, 0.0038402104400903497, 0.000746892025863436, 0.0006032887760067749, 0.0008588386457021935, 0.00022782098077966213, 0.0003541513167759987, 0.004231041536894461, 0.00015582455136219748, 0.0014709972653861275, 0.00016797182377381668, 0.0008562102705552191, 2.871128273805809e-05, 0.0010483533968321072, 0.0002669940322371698, 0.00019532304959905106, 4.009182568104545e-08, 9.130794416100933e-05, 5.0301740318372555e-05, 0.0004802829887382948, 3.1896843228671594e-05, 0.0005047700047062639, 0.00021376378645351357, 9.857416746736819e-07, 0.0003304654106933696]}