{"domain": "circadian_rhythms", "model": "phillips_2007", "total_samples": 100, "T": 30, "N_t": 100, "d_constants": 0.1, "d_states": 0.1, "rand_start": false, "high_score": 0.01325269689664685, "channel_scores": [0.0184089841260518, 0.01984330604350829, 0.0015058005203804612]}