{"domain": "electrophysiology", "model": "viswanathan_shaw_rudy_1999_b", "total_samples": 100, "T": 10, "N_t": 100, "d_constants": 0.05, "d_states": 0.5, "rand_start": false, "high_score": 0.003557056521516974, "channel_scores": [0.00038248975006327653, 1.5639508000033832e-10, 0.00047577894426973396, 0.0011567017247019345, 8.674791296575046e-05, 0.0002299191371655506, 8.491072403030892e-14, 0.00022782494677715904, 9.758503350323992e-07, 7.925038878992174e-05, 4.989305594738173e-06, 5.438515917935478e-05, 1.6570645707155356e-05, 4.2597122150018606e-07, 0.00038400714991783516, 1.5564376395748715e-05, 0.00016699454597264874, 1.2511917263430562e-09, 0.01527287227720834, 0.014583053132884, 0.002690923606209259, 0.00012297033452006619, 0.0, 0.0, 0.0]}